# refinements, with, without
5.000000000000000000e+00,2.438084514000365743e+00,3.453810382667143131e+00
6.000000000000000000e+00,8.768870536334967269e+00,1.291229026733344654e+01
7.000000000000000000e+00,3.540253115466839517e+01,5.198722419233308756e+01
8.000000000000000000e+00,1.374344242206655906e+02,2.266189108929975191e+02
9.000000000000000000e+00,5.606355582957100001e+02,1.032588027194191945e+03
